URL,线路
/x_24f5dad9,1路
/x_5cbfef9e,2路
/x_7cc5fc45,3路环线
/x_83220a65,4路
/x_b1c60aa8,5路
/x_9872077a,6路
/x_5e1f529a,7路
/x_3dfcd0fb,8路
/x_a4e498e1,9路
/x_8234e473,10路
/x_94d65922,11路
/x_27905c0e,12路
/x_f48371dd,13路
/x_be53b447,14路
/x_968a4331,16路
/x_4177a33a,17路
/x_bfe4a3eb,18路
/x_74a4f39a,19路
/x_5085a6b6,20路
/x_e8e952ba,20路区间
/x_2c5a63e1,21路
/x_2ec222fa,22路
/x_3afc1045,23路
/x_b25fb288,24路
/x_dccb5bd9,25路
/x_591a3aa1,26路
/x_f5ffbb57,27路
/x_02c1ddbc,28路
/x_edef8eba,29路
/x_51450128,30路
/x_7b96b565,31路
/x_a4ab317b,32路
/x_4a4c5b03,33路
/x_1c760d61,34路区间
/x_153e7445,34路
/x_46d69474,35路
/x_a21de174,36路
/x_91666e73,37路
/x_33ba3051,38路
/x_ee131ebb,39路
/x_04d8e447,40路区间
/x_e24a88e0,40路
/x_5396995e,41路
/x_2850d775,42路
/x_66101de2,43路
/x_654abdd2,44路
/x_5061d3f0,45路
/x_bf833861,46路
/x_6677bc9b,47路
/x_a02dabe5,48路
/x_9c651164,50路
/x_6217ed51,51路
/x_44e3be3c,52路
/x_11c3473f,53路
/x_f0a2a9b8,54路
/x_2f06327c,55路
/x_c21fa092,56路
/x_6fec95c3,59路
/x_dc6934c7,60路
/x_fc41f291,61路
/x_582dd287,62路
/x_f1e7b0ee,63路
/x_95dd128c,64路
/x_bbf7ef59,65路
/x_721a3756,66路
/x_9021e276,67路
/x_f0382ac6,68路
/x_60600469,69路
/x_d2424ac1,70路
/x_486c1be4,71路
/x_2169a83a,72路
/x_3ed404c5,73路
/x_708872c4,74路
/x_7837ec8d,75路
/x_7cb2c766,76路
/x_a5714244,77路
/x_cfae23fd,78路
/x_ab4762e4,79路
/x_90e2ca26,80路
/x_1d619bfe,81路
/x_4620acb6,82路
/x_b7567544,83路
/x_11b28aed,84路
/x_381840c3,85路
/x_b5bb435f,86路
/x_2a59fea4,87路
/x_5807b1a8,88路
/x_e6421a52,89路
/x_852ff4bf,90路
/x_aae54a28,90路区间
/x_8eb168c2,91路
/x_da60863b,92路环线
/x_af6a47d1,93路
/x_6a0bafe8,94路
/x_955d5631,95路
/x_7fda4c68,96路
/x_3034e497,97路
/x_2cdd3e3b,98路
/x_fd1f2ec4,99路
/x_4e4038ec,100路
/x_2a23690d,101路
/x_f6c8f82e,102路
/x_35b872fc,103路
/x_e06bf637,104路
/x_1868a065,105路
/x_5f126ac2,106路
/x_36105bd0,108路
/x_face82cc,109路
/x_32d94193,110路
/x_e8459e67,111路
/x_94192360,112路
/x_d0f81574,113路
/x_b883dfef,114路
/x_2218ab25,115路
/x_62f1d719,117路
/x_aee6271d,118路
/x_4e652a14,121路
/x_21e36d86,124路
/x_d2a61ae9,125路
/x_6f2a7370,126路
/x_0aecf774,127路
/x_5674204a,129路
/x_aa677b07,131路
/x_d810a85c,133路
/x_8d75692c,134路
/x_14d25008,135路
/x_c48d0705,136路
/x_c723ff42,137路
/x_e5b9d95a,138路
/x_a53656c4,139路
/x_ed48414e,140路
/x_543533e4,141路
/x_ba69e57e,142路
/x_6bbe8f4e,145路
/x_6c2241f5,146路
/x_16e18930,147路
/x_343fdc57,150路
/x_7a6c561d,153路
/x_03e81a9f,158路
/x_6aa6bd8e,159路
/x_deb6cfd4,160路
/x_7a7957e4,162路
/x_89cd60df,163路
/x_73c3a7f4,164路
/x_2cd601fd,165路
/x_4b4d290d,166路
/x_2c145ca2,168路
/x_af7e1089,169路
/x_fd17362d,170路
/x_6ad0bd50,171路
/x_bbb9a95e,175路
/x_74a93310,176路
/x_638b3f4d,177路
/x_273f6d5f,178路
/x_5535ac55,179路
/x_f205c7f2,180路
/x_6fd1af6a,181路
/x_7898317a,182路
/x_1453712e,183路
/x_de499102,184路
/x_20c624df,185路环线
/x_73004904,186路
/x_b98d2fae,190路
/x_1cca311f,191路
/x_15b34690,191路区间
/x_17954040,194路
/x_e4dd7bb2,195路
/x_b9745f26,196路区间
/x_73f28365,196路
/x_63203ea2,197路
/x_db6d2391,198路
/x_3ebd99fd,199路
/x_396c01c3,200路
/x_d022a7f8,201路
/x_8377a820,202路
/x_f0fe55db,203路
/x_34b65da4,204路
/x_31a53285,205路
/x_196f90b1,206路
/x_b418bd22,207路
/x_3f4913db,208路
/x_e526b6e7,300路
/x_0a31eb73,301路
/x_29b723df,302路
/x_6a7a22e8,303路
/x_948ca472,304路
/x_b9860bb6,305路
/x_542aecce,306路
/x_f2aaa9d0,307路
/x_1fdd5f55,308路
/x_2b490c95,309路
/x_eaf1f702,310路
/x_6bd00800,311路
/x_d79ed612,312路
/x_9023980b,313路
/x_a5787eaf,314路
/x_2fffc0b2,315路
/x_623c5225,317路
/x_0b5e4a8d,318路
/x_a4bc981e,319路
/x_569da3cd,320路
/x_67dfe852,321路
/x_4e1d1244,322路
/x_8ce9a63e,323路
/x_2edbd5b0,324路
/x_51809868,325路
/x_16bcecae,327路
/x_c5f6dc5e,328路
/x_e2e399b8,329路
/x_6e2c6445,330路
/x_d300e15a,331路
/x_1602ab82,332路
/x_c1c53e85,333路
/x_dda61098,334路
/x_29401630,335路
/x_8f7f6d6c,336路
/x_a924eac8,337路
/x_bfd798ed,339路
/x_e2dd305d,342路
/x_f1b8be8d,343路环线
/x_89f57b36,344路
/x_96df236e,345路环线
/x_f44e8912,346路
/x_db14cb2b,400路
/x_52b51d54,401路
/x_b34a64ff,402路
/x_ba04cd9e,403路
/x_52da0117,404路
/x_103fd894,405路
/x_20f516a3,406路
/x_35a17e18,407路
/x_f10180a0,408路
/x_0c55d60c,410路
/x_83a11ab5,411路
/x_51b86a2e,412路
/x_a3c3efcc,413路
/x_ea6966bb,414路
/x_733ddc3e,415路
/x_a65dd814,416路
/x_a27b3aa9,417路
/x_790c869f,419路
/x_4cbd1fee,421路
/x_be5fa717,422路
/x_5b15c476,423路
/x_6496df89,424路
/x_f14dee95,425路
/x_52b31ba6,426路
/x_608cd091,427路
/x_ee15bdf1,428路
/x_7b41bdde,429路环线
/x_b740bc74,430路
/x_1bb3ee23,431路
/x_21e05bbe,440路
/x_83f04bbc,441路
/x_7ed1378d,442路
/x_4e5904ec,443路
/x_f421ae65,444路
/x_37effecd,445路环线
/x_7f6cb92e,446路
/x_d9e8cea7,447路
/x_581393c9,448路
/x_979c9012,449路环线
/x_2a27dd74,450路
/x_d010bc65,451路
/x_42ec5d90,452路环线
/x_9949223e,453路
/x_9be3e64e,454路
/x_5a014173,455路
/x_1aeccddd,456路
/x_595208d6,457路
/x_83cfeb3d,458路
/x_3bd010bb,459路
/x_af65e2df,460路
/x_ca5b8002,461路
/x_55f057e9,462路
/x_af6af17c,463路
/x_2416c933,464路
/x_8b9f061f,465路
/x_8fae4e90,466路
/x_a278c090,467路
/x_fdd85006,468路
/x_dbbbe617,469路
/x_13ea066b,470路
/x_e4b15ee7,471路
/x_b19123f7,472路
/x_1bf77a66,473路
/x_737de0ec,475路
/x_79bf925d,476路
/x_540e3a7d,481路
/x_f90fff0c,482路
/x_3fdebe89,483路
/x_b268a4c6,484路
/x_361a668a,485路
/x_308d1bf8,486路
/x_b4fd7996,487路
/x_ebc30c76,488路
/x_0df51484,501路
/x_ed344e78,502路
/x_d44625c8,503路
/x_e6fcc43e,509路
/x_c9bb781f,510路
/x_0f900146,511路
/x_d699f181,512路
/x_c4db2603,513路
/x_a79f90cd,516路
/x_7170fddb,520路
/x_1224c1fa,521路
/x_8b155175,522路
/x_13020f5e,523路
/x_b7deafb6,524路
/x_1c36c342,526路
/x_e6cd098c,528路
/x_fd07fac7,530路
/x_69265b57,531路
/x_2de13704,532路
/x_4d6f8e62,533路
/x_22312967,535路
/x_efd64a07,538路
/x_16c431f6,539路
/x_d0559b60,540路
/x_3c5c64bd,550路
/x_e295e51a,551路
/x_a555cd66,552路
/x_03e94dd0,553路环线
/x_30bc78a1,555路
/x_72029f21,558路
/x_94275144,559路
/x_c4727974,560路
/x_3c5ac30c,566路
/x_e9f7d879,567路
/x_894bae28,568路
/x_f176f767,569路
/x_9d8b47d9,583路
/x_32c084ea,600路环线
/x_6b39c850,601路
/x_c868cf43,602路
/x_67d7b29f,603路
/x_b2edc7df,604路
/x_ab27284f,605路
/x_08823df0,607路
/x_e36628c4,608路
/x_afe8a546,609路
/x_675eae6a,610路
/x_c84a704a,611路
/x_d2d194a2,612路
/x_497aa162,615路
/x_7833ac5a,616路环线
/x_676da286,617路
/x_f0452500,618路
/x_434c1f15,619路
/x_7dcf36cd,620路
/x_e9da05ee,622路
/x_0b6055e5,624路
/x_83cd2370,626路
/x_6adfb8a3,627路
/x_599a3e8f,628路
/x_044e95af,629路
/x_81152dfe,630路
/x_c5b2a3e8,631路
/x_324e9672,632路
/x_47c5d009,634路
/x_2c5c9cf3,635路
/x_08fc9654,636路
/x_866936d5,637路
/x_31aecffb,638路
/x_c88c01c9,639路
/x_285dcb0c,640路
/x_57782577,641路
/x_cc5ab5cd,642路
/x_36edc4aa,643路
/x_354a77aa,644路
/x_70bb8c62,645路
/x_33d66d5f,646路
/x_6e31ab29,647路环线
/x_ae5acf4f,648路
/x_93cedccf,649路
/x_9a671d43,650路
/x_8eb69a11,651路
/x_82ae69de,652路
/x_98e8d8d5,653路
/x_3d6e29f6,654路
/x_48a71c95,655路
/x_38c647ea,656路
/x_ec41a35b,657路
/x_90882ed9,658路
/x_cc4ed40a,659路
/x_e552ec9c,660路
/x_845586e5,663路
/x_b0ca251b,664路
/x_d573191b,665路
/x_5f35682e,666路环线
/x_b7f65ec1,667路
/x_1bed0bd7,668路
/x_36f62ba4,669路
/x_302abb02,670路
/x_e45d9364,671路
/x_f000141f,672路
/x_ec91ac9c,673路
/x_abcb35f0,674路
/x_7d984b63,675路
/x_94eff143,676路
/x_0b857707,678路
/x_6be3b6f1,680路
/x_95cbb6a4,681路
/x_a92929fc,683路
/x_3d5a83b9,684路
/x_3c11e8d4,685路
/x_e1126890,686路
/x_5ff3a643,690路
/x_52d1a03a,691路
/x_76897157,692路
/x_29720789,693路
/x_40e77940,694路
/x_8f7d81fe,695路
/x_9b384743,696路
/x_bb282af6,697路
/x_ffe57aab,698路
/x_f67870d8,699路
/x_f3b4c591,701路
/x_1df76dff,702路
/x_c431c54a,703路
/x_bc14618a,704路
/x_87a31151,706路
/x_86baf175,707路
/x_eee3bcd8,708路
/x_2607db70,710路
/x_0f4dc859,711路
/x_42d80560,712路
/x_42c40cef,715路
/x_9a9c2c0a,716路
/x_7e1a5b72,717路
/x_37bfe4c8,718路
/x_682f18cf,719路
/x_9e8a21c3,720路
/x_163cda33,737路
/x_49dbae81,743路
/x_9390328e,754路
/x_e485d149,755路
/x_8432db38,764路
/x_2deb8f03,768路
/x_6dd357ef,769路
/x_1866f5a7,780路
/x_800e9925,791路
/x_f35987fb,792路
/x_cf521d34,800路
/x_b2566816,801路
/x_98e71dda,802路
/x_1b4db6f0,803路
/x_c09abe02,805路
/x_916c0045,806路
/x_0efe8bfc,807路区间
/x_1b93010d,807路
/x_4ebf64b9,808路区间
/x_1e24cf70,809路
/x_65da79aa,810路
/x_d459b17a,812路
/x_03b2c28d,813路
/x_f98883ca,814路
/x_cb728cb8,815路
/x_4c95654b,816路
/x_5ce10d9d,817路
/x_d02924c5,818路
/x_9b1f11cb,819路
/x_4c18a690,820路
/x_92d28f5f,821路
/x_98b560f0,822路
/x_0a24201b,823路
/x_c1b9b2b4,824路
/x_3d6dd18e,825路
/x_282f4b35,826路
/x_6b6e63eb,827路
/x_1c5ba214,828路
/x_76c00b79,829路
/x_48b723d6,830路
/x_04b682b8,831路
/x_f3cc7cda,832路
/x_85750fe6,833路
/x_a2f92674,835路
/x_0fec2a8f,836路
/x_cc1d2ea4,837路
/x_a0e07659,838路
/x_eae8f2bd,840路
/x_ab9b44db,841路
/x_9b71bb59,842路
/x_87b3059b,843路
/x_d550948b,845路环二
/x_9e37533b,845路环一
/x_93cf7a3d,846路
/x_2738a3cb,847路
/x_c8ee46b2,848路环二
/x_cf5e44e7,848路环一
/x_fb6a1f65,850路
/x_e4a9b310,851路(彭福线)
/x_0ca100c9,851路
/x_3303b311,852路
/x_ce5b8375,853路
/x_b48dca31,854路
/x_ba375bad,855路
/x_fe0d0748,856路
/x_ad096579,858路
/x_42ea3fe6,859路
/x_bd65d885,861路
/x_811837a1,862路
/x_4434e050,863路
/x_c37efa95,864路
/x_5cf94db9,865路
/x_1720fd66,866路
/x_acc89799,867路
/x_63569b40,868路
/x_93401698,869路
/x_03d52e6a,870路
/x_b8773c9d,871路环二
/x_bd9f0703,871路环一
/x_b973784b,872路环二
/x_0bd65cb5,872路环一
/x_797482dc,873路环二
/x_84d16c6e,873路环一
/x_43903217,874路
/x_7cbcfc01,875路环二
/x_89547fbd,875路环一
/x_971c625a,876路
/x_2fbe67cc,877路
/x_3f8f22f9,878路
/x_575ba024,879路
/x_7f81888f,880路
/x_3f430ea3,881路
/x_70f1ee64,885路
/x_84f02b7e,886路
/x_e6cedd43,890路
/x_ade81492,891路
/x_d52a47d7,892路
/x_ddc2904f,895路
/x_a52f043f,902路
/x_8c6b9e24,903路
/x_85dba3a1,904路
/x_76959659,905路
/x_ddbe8ecd,906路
/x_fd4b9a29,907路
/x_54cac341,908路
/x_8b4deddb,909路
/x_1cfa37c1,910路
/x_14993528,911路
/x_688a8c3e,912路
/x_0339f4b7,915路
/x_7d33ec8b,916路
/x_75be67f9,917路
/x_b1b8be23,918路
/x_362a2cd7,919路
/x_db6d0d10,920路
/x_eabe0225,921路
/x_2eddd878,922路
/x_a48a3ae5,923路
/x_03b1db13,926路
/x_cd56f844,927路
/x_0a9f2fd7,928路
/x_6674c2bb,929路
/x_043540f1,930路
/x_840a624e,931路
/x_eaabccfa,932路
/x_d9c22d0e,935路
/x_49ed2ffe,936路
/x_10601c25,937路
/x_cff54c07,938路
/x_2a952fd0,939路
/x_26da49a4,941路
/x_1efe2c99,942路
/x_5427e8d7,950路
/x_7db1e079,951路
/x_e820db14,952路
/x_d962b2ef,953路
/x_f9e9ce2b,955路
/x_f699b950,956路
/x_830a9079,957路
/x_a5cdd14c,958路
/x_a58566df,959路
/x_23bc7ed9,960路
/x_8f1582e9,961路
/x_c679bde0,962路
/x_6c2103de,963路
/x_45a0dddb,964路
/x_47755771,965路
/x_b1d3f9a6,966路
/x_b118f24c,967路
/x_96644cdc,968路
/x_0f9eeb13,969路
/x_b830644d,970路
/x_b0d5460f,972路
/x_228341fb,973路
/x_0424a32b,974路
/x_a7139265,975路
/x_68302da0,976路
/x_8c43e30f,977路
/x_e4d0ec04,978路
/x_a7be6d38,979路
/x_b56f4429,980路
/x_d22258bb,981路
/x_6c2e76a2,982路
/x_7b57e35b,983路
/x_00d98df1,984路
/x_9b093197,985路
/x_692dd53c,986路
/x_4b4539dc,987路
/x_70ee8b9c,988路
/x_b1596414,989路
/x_ef58e21d,991路
/x_0c6e8d1b,992路
/x_04da149b,993路
/x_0d55f0a8,995路
/x_ac3878c4,996路
/x_846082a2,997路
/x_6a76209e,998路
/x_0411e45b,Z01路
/x_c0f56064,安凤线
/x_ee3a9930,B1路
/x_97beb998,B3路
/x_fb768500,B6路
/x_7805bfba,B9路
/x_4e5f7911,B10路
/x_5d9b7fea,B11路
/x_006b6c3c,B12路
/x_1dc799c5,B13路
/x_da405911,B14路
/x_b5c11e8a,B15路
